{"cameraMode":{"drawMode":0,"name":"Shaded","section":"Shading Mode"},"sceneLighting":true,"audioPlay":false,"sceneViewState":{"m_AlwaysRefresh":false,"showFog":true,"showSkybox":true,"showFlares":true,"showImageEffects":true,"showParticleSystems":true,"showVisualEffectGraphs":true,"m_FxEnabled":true},"in2DMode":false,"pivot":{"x":-26.836063385009767,"y":2.1635360717773439,"z":-18.40719223022461},"rotation":{"x":-0.06313999742269516,"y":0.9299688339233398,"z":-0.30798566341400149,"w":-0.19064240157604218},"size":22.236221313476564,"orthographic":false}